Handle,Title,Body (HTML),Vendor,Type,Tags,Published,Option1 Name,Option1 Value,Option2 Name,Option2 Value,Variant SKU,Variant Inventory Qty,Variant Inventory Policy,Variant Fulfillment Service,Variant Price,Variant Compare At Price,Variant Requires Shipping,Variant Taxable,Image Src,Image Position,Gift Card,Status
"silk-column-dress","Шовкова колона","<p>Довга колона з важкого шовку з чистою лінією та прихованою застібкою. Тиха розкіш для вечора та дня.</p><p><strong>Матеріали:</strong> 100% шовк. Підкладка: 100% віскоза.</p><p><strong>Догляд:</strong> Лише хімчистка. Зберігати на плічках у чохлі.</p>","YANELLE","dresses","new, featured, dresses",TRUE,"Size","XS","Color","Чорний","yn-001-1A1A1A-xs",8,deny,manual,14500.00,"",TRUE,TRUE,"https://images.unsplash.com/photo-1595777457583-95e059d581b8?auto=format&fit=crop&w=1200&q=80",1,FALSE,active
"silk-column-dress","","","","","","","Size","S","Color","Чорний","yn-001-1A1A1A-s",8,deny,manual,14500.00,"",TRUE,TRUE,"","",FALSE,""
"silk-column-dress","","","","","","","Size","M","Color","Чорний","yn-001-1A1A1A-m",10,deny,manual,14500.00,"",TRUE,TRUE,"","",FALSE,""
"silk-column-dress","","","","","","","Size","L","Color","Чорний","yn-001-1A1A1A-l",8,deny,manual,14500.00,"",TRUE,TRUE,"","",FALSE,""
"silk-column-dress","","","","","","","Size","XL","Color","Чорний","yn-001-1A1A1A-xl",8,deny,manual,14500.00,"",TRUE,TRUE,"","",FALSE,""
"silk-column-dress","","","","","","","Size","XS","Color","Слонова кістка","yn-001-F5F0E8-xs",8,deny,manual,14500.00,"",TRUE,TRUE,"","",FALSE,""
"silk-column-dress","","","","","","","Size","S","Color","Слонова кістка","yn-001-F5F0E8-s",8,deny,manual,14500.00,"",TRUE,TRUE,"","",FALSE,""
"silk-column-dress","","","","","","","Size","M","Color","Слонова кістка","yn-001-F5F0E8-m",10,deny,manual,14500.00,"",TRUE,TRUE,"","",FALSE,""
"silk-column-dress","","","","","","","Size","L","Color","Слонова кістка","yn-001-F5F0E8-l",8,deny,manual,14500.00,"",TRUE,TRUE,"","",FALSE,""
"silk-column-dress","","","","","","","Size","XL","Color","Слонова кістка","yn-001-F5F0E8-xl",8,deny,manual,14500.00,"",TRUE,TRUE,"","",FALSE,""
"silk-column-dress","","","","","","","","","","","","","","","","","","","https://images.unsplash.com/photo-1566174053879-31528523f8ae?auto=format&fit=crop&w=1200&q=80",2,"",""
"cashmere-wrap-dress","Кашемірова сукня-обгортка","<p>М'яка обгортка з кашеміру з поясом. Силует, що повторює тіло без зайвого.</p><p><strong>Матеріали:</strong> 90% кашемір, 10% шовк.</p><p><strong>Догляд:</strong> Лише хімчистка. Зберігати на плічках у чохлі.</p>","YANELLE","dresses","new, featured, dresses",TRUE,"Size","XS","Color","Верблюд","yn-002-C4A484-xs",8,deny,manual,16800.00,"",TRUE,TRUE,"https://images.unsplash.com/photo-1572804013309-59a88b7e92f1?auto=format&fit=crop&w=1200&q=80",1,FALSE,active
"cashmere-wrap-dress","","","","","","","Size","S","Color","Верблюд","yn-002-C4A484-s",8,deny,manual,16800.00,"",TRUE,TRUE,"","",FALSE,""
"cashmere-wrap-dress","","","","","","","Size","M","Color","Верблюд","yn-002-C4A484-m",10,deny,manual,16800.00,"",TRUE,TRUE,"","",FALSE,""
"cashmere-wrap-dress","","","","","","","Size","L","Color","Верблюд","yn-002-C4A484-l",8,deny,manual,16800.00,"",TRUE,TRUE,"","",FALSE,""
"cashmere-wrap-dress","","","","","","","Size","XL","Color","Верблюд","yn-002-C4A484-xl",8,deny,manual,16800.00,"",TRUE,TRUE,"","",FALSE,""
"cashmere-wrap-dress","","","","","","","Size","XS","Color","Камінь","yn-002-A8A29E-xs",8,deny,manual,16800.00,"",TRUE,TRUE,"","",FALSE,""
"cashmere-wrap-dress","","","","","","","Size","S","Color","Камінь","yn-002-A8A29E-s",8,deny,manual,16800.00,"",TRUE,TRUE,"","",FALSE,""
"cashmere-wrap-dress","","","","","","","Size","M","Color","Камінь","yn-002-A8A29E-m",10,deny,manual,16800.00,"",TRUE,TRUE,"","",FALSE,""
"cashmere-wrap-dress","","","","","","","Size","L","Color","Камінь","yn-002-A8A29E-l",8,deny,manual,16800.00,"",TRUE,TRUE,"","",FALSE,""
"cashmere-wrap-dress","","","","","","","Size","XL","Color","Камінь","yn-002-A8A29E-xl",8,deny,manual,16800.00,"",TRUE,TRUE,"","",FALSE,""
"cashmere-wrap-dress","","","","","","","","","","","","","","","","","","","https://images.unsplash.com/photo-1496747611176-843222e1e57c?auto=format&fit=crop&w=1200&q=80",2,"",""
"bias-cut-satin-dress","Атласна сукня по косій","<p>Легка атласна сукня, зрізана по косій. Обмежена серія ательє.</p><p><strong>Матеріали:</strong> 100% ацетатний атлас.</p><p><strong>Догляд:</strong> Лише хімчистка. Зберігати на плічках у чохлі.</p>","YANELLE","dresses","limited, featured, limited, dresses",TRUE,"Size","XS","Color","Шампань","yn-003-E8D5B7-xs",3,deny,manual,15200.00,"",TRUE,TRUE,"https://images.unsplash.com/photo-1566174053879-31528523f8ae?auto=format&fit=crop&w=1200&q=80",1,FALSE,active
"bias-cut-satin-dress","","","","","","","Size","S","Color","Шампань","yn-003-E8D5B7-s",3,deny,manual,15200.00,"",TRUE,TRUE,"","",FALSE,""
"bias-cut-satin-dress","","","","","","","Size","M","Color","Шампань","yn-003-E8D5B7-m",5,deny,manual,15200.00,"",TRUE,TRUE,"","",FALSE,""
"bias-cut-satin-dress","","","","","","","Size","L","Color","Шампань","yn-003-E8D5B7-l",3,deny,manual,15200.00,"",TRUE,TRUE,"","",FALSE,""
"bias-cut-satin-dress","","","","","","","Size","XL","Color","Шампань","yn-003-E8D5B7-xl",3,deny,manual,15200.00,"",TRUE,TRUE,"","",FALSE,""
"bias-cut-satin-dress","","","","","","","Size","XS","Color","Чорний","yn-003-1A1A1A-xs",3,deny,manual,15200.00,"",TRUE,TRUE,"","",FALSE,""
"bias-cut-satin-dress","","","","","","","Size","S","Color","Чорний","yn-003-1A1A1A-s",3,deny,manual,15200.00,"",TRUE,TRUE,"","",FALSE,""
"bias-cut-satin-dress","","","","","","","Size","M","Color","Чорний","yn-003-1A1A1A-m",5,deny,manual,15200.00,"",TRUE,TRUE,"","",FALSE,""
"bias-cut-satin-dress","","","","","","","Size","L","Color","Чорний","yn-003-1A1A1A-l",3,deny,manual,15200.00,"",TRUE,TRUE,"","",FALSE,""
"bias-cut-satin-dress","","","","","","","Size","XL","Color","Чорний","yn-003-1A1A1A-xl",3,deny,manual,15200.00,"",TRUE,TRUE,"","",FALSE,""
"bias-cut-satin-dress","","","","","","","","","","","","","","","","","","","https://images.unsplash.com/photo-1515372039744-b8f02a3ae446?auto=format&fit=crop&w=1200&q=80",2,"",""
"tailored-wool-suit","Вовняний костюм","<p>Двокомпонентний костюм з італійської вовни. Жакет з м'яким плечем і прямі штани.</p><p><strong>Матеріали:</strong> 100% вовна. Підкладка: 100% купро.</p><p><strong>Догляд:</strong> Лише хімчистка. Зберігати на плічках у чохлі.</p>","YANELLE","suits","featured, suits",TRUE,"Size","XS","Color","Чорний","yn-004-1A1A1A-xs",8,deny,manual,18900.00,"",TRUE,TRUE,"https://images.unsplash.com/photo-1594938298603-c8148c4dae35?auto=format&fit=crop&w=1200&q=80",1,FALSE,active
"tailored-wool-suit","","","","","","","Size","S","Color","Чорний","yn-004-1A1A1A-s",8,deny,manual,18900.00,"",TRUE,TRUE,"","",FALSE,""
"tailored-wool-suit","","","","","","","Size","M","Color","Чорний","yn-004-1A1A1A-m",10,deny,manual,18900.00,"",TRUE,TRUE,"","",FALSE,""
"tailored-wool-suit","","","","","","","Size","L","Color","Чорний","yn-004-1A1A1A-l",8,deny,manual,18900.00,"",TRUE,TRUE,"","",FALSE,""
"tailored-wool-suit","","","","","","","Size","XL","Color","Чорний","yn-004-1A1A1A-xl",8,deny,manual,18900.00,"",TRUE,TRUE,"","",FALSE,""
"tailored-wool-suit","","","","","","","Size","XS","Color","Камінь","yn-004-A8A29E-xs",8,deny,manual,18900.00,"",TRUE,TRUE,"","",FALSE,""
"tailored-wool-suit","","","","","","","Size","S","Color","Камінь","yn-004-A8A29E-s",8,deny,manual,18900.00,"",TRUE,TRUE,"","",FALSE,""
"tailored-wool-suit","","","","","","","Size","M","Color","Камінь","yn-004-A8A29E-m",10,deny,manual,18900.00,"",TRUE,TRUE,"","",FALSE,""
"tailored-wool-suit","","","","","","","Size","L","Color","Камінь","yn-004-A8A29E-l",8,deny,manual,18900.00,"",TRUE,TRUE,"","",FALSE,""
"tailored-wool-suit","","","","","","","Size","XL","Color","Камінь","yn-004-A8A29E-xl",8,deny,manual,18900.00,"",TRUE,TRUE,"","",FALSE,""
"tailored-wool-suit","","","","","","","Size","XS","Color","Темно-синій","yn-004-1E2A44-xs",8,deny,manual,18900.00,"",TRUE,TRUE,"","",FALSE,""
"tailored-wool-suit","","","","","","","Size","S","Color","Темно-синій","yn-004-1E2A44-s",8,deny,manual,18900.00,"",TRUE,TRUE,"","",FALSE,""
"tailored-wool-suit","","","","","","","Size","M","Color","Темно-синій","yn-004-1E2A44-m",10,deny,manual,18900.00,"",TRUE,TRUE,"","",FALSE,""
"tailored-wool-suit","","","","","","","Size","L","Color","Темно-синій","yn-004-1E2A44-l",8,deny,manual,18900.00,"",TRUE,TRUE,"","",FALSE,""
"tailored-wool-suit","","","","","","","Size","XL","Color","Темно-синій","yn-004-1E2A44-xl",8,deny,manual,18900.00,"",TRUE,TRUE,"","",FALSE,""
"tailored-wool-suit","","","","","","","","","","","","","","","","","","","https://images.unsplash.com/photo-1507679799987-c73779587ccf?auto=format&fit=crop&w=1200&q=80",2,"",""
"fluid-trouser-suit","Рідкий брючний костюм","<p>Костюм з крепу з розслабленим кроєм. Для днів, коли структура стає м'якшою.</p><p><strong>Матеріали:</strong> 97% віскоза, 3% еластан.</p><p><strong>Догляд:</strong> Лише хімчистка. Зберігати на плічках у чохлі.</p>","YANELLE","suits","sale, suits",TRUE,"Size","XS","Color","Тауп","yn-005-8B7E74-xs",8,deny,manual,16200.00,19800.00,TRUE,TRUE,"https://images.unsplash.com/photo-1552374196-1ab2a1c593e8?auto=format&fit=crop&w=1200&q=80",1,FALSE,active
"fluid-trouser-suit","","","","","","","Size","S","Color","Тауп","yn-005-8B7E74-s",8,deny,manual,16200.00,19800.00,TRUE,TRUE,"","",FALSE,""
"fluid-trouser-suit","","","","","","","Size","M","Color","Тауп","yn-005-8B7E74-m",10,deny,manual,16200.00,19800.00,TRUE,TRUE,"","",FALSE,""
"fluid-trouser-suit","","","","","","","Size","L","Color","Тауп","yn-005-8B7E74-l",8,deny,manual,16200.00,19800.00,TRUE,TRUE,"","",FALSE,""
"fluid-trouser-suit","","","","","","","Size","XL","Color","Тауп","yn-005-8B7E74-xl",8,deny,manual,16200.00,19800.00,TRUE,TRUE,"","",FALSE,""
"fluid-trouser-suit","","","","","","","Size","XS","Color","Чорний","yn-005-1A1A1A-xs",8,deny,manual,16200.00,19800.00,TRUE,TRUE,"","",FALSE,""
"fluid-trouser-suit","","","","","","","Size","S","Color","Чорний","yn-005-1A1A1A-s",8,deny,manual,16200.00,19800.00,TRUE,TRUE,"","",FALSE,""
"fluid-trouser-suit","","","","","","","Size","M","Color","Чорний","yn-005-1A1A1A-m",10,deny,manual,16200.00,19800.00,TRUE,TRUE,"","",FALSE,""
"fluid-trouser-suit","","","","","","","Size","L","Color","Чорний","yn-005-1A1A1A-l",8,deny,manual,16200.00,19800.00,TRUE,TRUE,"","",FALSE,""
"fluid-trouser-suit","","","","","","","Size","XL","Color","Чорний","yn-005-1A1A1A-xl",8,deny,manual,16200.00,19800.00,TRUE,TRUE,"","",FALSE,""
"fluid-trouser-suit","","","","","","","","","","","","","","","","","","","https://images.unsplash.com/photo-1487222477894-8943e31ef7b2?auto=format&fit=crop&w=1200&q=80",2,"",""
"double-face-coat","Двостороннє пальто","<p>Двостороннє пальто з кашеміру без зайвих швів. Архітектура спокою.</p><p><strong>Матеріали:</strong> 100% кашемір, двостороння тканина.</p><p><strong>Догляд:</strong> Лише хімчистка. Зберігати на плічках у чохлі.</p>","YANELLE","outerwear","limited, featured, limited, outerwear",TRUE,"Size","XS","Color","Верблюд","yn-006-C4A484-xs",3,deny,manual,24500.00,"",TRUE,TRUE,"https://images.unsplash.com/photo-1539533018447-63fcce2678e3?auto=format&fit=crop&w=1200&q=80",1,FALSE,active
"double-face-coat","","","","","","","Size","S","Color","Верблюд","yn-006-C4A484-s",3,deny,manual,24500.00,"",TRUE,TRUE,"","",FALSE,""
"double-face-coat","","","","","","","Size","M","Color","Верблюд","yn-006-C4A484-m",5,deny,manual,24500.00,"",TRUE,TRUE,"","",FALSE,""
"double-face-coat","","","","","","","Size","L","Color","Верблюд","yn-006-C4A484-l",3,deny,manual,24500.00,"",TRUE,TRUE,"","",FALSE,""
"double-face-coat","","","","","","","Size","XL","Color","Верблюд","yn-006-C4A484-xl",3,deny,manual,24500.00,"",TRUE,TRUE,"","",FALSE,""
"double-face-coat","","","","","","","Size","XS","Color","Чорний","yn-006-1A1A1A-xs",3,deny,manual,24500.00,"",TRUE,TRUE,"","",FALSE,""
"double-face-coat","","","","","","","Size","S","Color","Чорний","yn-006-1A1A1A-s",3,deny,manual,24500.00,"",TRUE,TRUE,"","",FALSE,""
"double-face-coat","","","","","","","Size","M","Color","Чорний","yn-006-1A1A1A-m",5,deny,manual,24500.00,"",TRUE,TRUE,"","",FALSE,""
"double-face-coat","","","","","","","Size","L","Color","Чорний","yn-006-1A1A1A-l",3,deny,manual,24500.00,"",TRUE,TRUE,"","",FALSE,""
"double-face-coat","","","","","","","Size","XL","Color","Чорний","yn-006-1A1A1A-xl",3,deny,manual,24500.00,"",TRUE,TRUE,"","",FALSE,""
"double-face-coat","","","","","","","","","","","","","","","","","","","https://images.unsplash.com/photo-1544022613-e87ca75a784a?auto=format&fit=crop&w=1200&q=80",2,"",""
"soft-leather-trench","Шкіряний тренч","<p>Тренч з м'якої шкіри наппа з поясом. Силует класики без шуму.</p><p><strong>Матеріали:</strong> 100% шкіра наппа. Підкладка: 100% віскоза.</p><p><strong>Догляд:</strong> Протирати м'якою сухою тканиною. Уникати вологи та прямого сонця.</p>","YANELLE","outerwear","new, outerwear",TRUE,"Size","XS","Color","Чорний","yn-007-1A1A1A-xs",8,deny,manual,22800.00,"",TRUE,TRUE,"https://images.unsplash.com/photo-1551028719-00167b16eac5?auto=format&fit=crop&w=1200&q=80",1,FALSE,active
"soft-leather-trench","","","","","","","Size","S","Color","Чорний","yn-007-1A1A1A-s",8,deny,manual,22800.00,"",TRUE,TRUE,"","",FALSE,""
"soft-leather-trench","","","","","","","Size","M","Color","Чорний","yn-007-1A1A1A-m",10,deny,manual,22800.00,"",TRUE,TRUE,"","",FALSE,""
"soft-leather-trench","","","","","","","Size","L","Color","Чорний","yn-007-1A1A1A-l",8,deny,manual,22800.00,"",TRUE,TRUE,"","",FALSE,""
"soft-leather-trench","","","","","","","Size","XL","Color","Чорний","yn-007-1A1A1A-xl",8,deny,manual,22800.00,"",TRUE,TRUE,"","",FALSE,""
"soft-leather-trench","","","","","","","Size","XS","Color","Коньяк","yn-007-8B4513-xs",8,deny,manual,22800.00,"",TRUE,TRUE,"","",FALSE,""
"soft-leather-trench","","","","","","","Size","S","Color","Коньяк","yn-007-8B4513-s",8,deny,manual,22800.00,"",TRUE,TRUE,"","",FALSE,""
"soft-leather-trench","","","","","","","Size","M","Color","Коньяк","yn-007-8B4513-m",10,deny,manual,22800.00,"",TRUE,TRUE,"","",FALSE,""
"soft-leather-trench","","","","","","","Size","L","Color","Коньяк","yn-007-8B4513-l",8,deny,manual,22800.00,"",TRUE,TRUE,"","",FALSE,""
"soft-leather-trench","","","","","","","Size","XL","Color","Коньяк","yn-007-8B4513-xl",8,deny,manual,22800.00,"",TRUE,TRUE,"","",FALSE,""
"soft-leather-trench","","","","","","","","","","","","","","","","","","","https://images.unsplash.com/photo-1521223890158-f9f7c3d5d504?auto=format&fit=crop&w=1200&q=80",2,"",""
"wool-cape-coat","Вовняне пальто-накидка","<p>Пальто-накидка з щільної вовни. Об'єм без ваги.</p><p><strong>Матеріали:</strong> 80% вовна, 20% кашемір.</p><p><strong>Догляд:</strong> Лише хімчистка. Зберігати на плічках у чохлі.</p>","YANELLE","outerwear","limited, limited, outerwear",TRUE,"Size","XS","Color","Камінь","yn-008-A8A29E-xs",3,deny,manual,17500.00,"",TRUE,TRUE,"https://images.unsplash.com/photo-1483985988355-763728e1935b?auto=format&fit=crop&w=1200&q=80",1,FALSE,active
"wool-cape-coat","","","","","","","Size","S","Color","Камінь","yn-008-A8A29E-s",3,deny,manual,17500.00,"",TRUE,TRUE,"","",FALSE,""
"wool-cape-coat","","","","","","","Size","M","Color","Камінь","yn-008-A8A29E-m",5,deny,manual,17500.00,"",TRUE,TRUE,"","",FALSE,""
"wool-cape-coat","","","","","","","Size","L","Color","Камінь","yn-008-A8A29E-l",3,deny,manual,17500.00,"",TRUE,TRUE,"","",FALSE,""
"wool-cape-coat","","","","","","","Size","XL","Color","Камінь","yn-008-A8A29E-xl",3,deny,manual,17500.00,"",TRUE,TRUE,"","",FALSE,""
"wool-cape-coat","","","","","","","Size","XS","Color","Олива","yn-008-6B705C-xs",3,deny,manual,17500.00,"",TRUE,TRUE,"","",FALSE,""
"wool-cape-coat","","","","","","","Size","S","Color","Олива","yn-008-6B705C-s",3,deny,manual,17500.00,"",TRUE,TRUE,"","",FALSE,""
"wool-cape-coat","","","","","","","Size","M","Color","Олива","yn-008-6B705C-m",5,deny,manual,17500.00,"",TRUE,TRUE,"","",FALSE,""
"wool-cape-coat","","","","","","","Size","L","Color","Олива","yn-008-6B705C-l",3,deny,manual,17500.00,"",TRUE,TRUE,"","",FALSE,""
"wool-cape-coat","","","","","","","Size","XL","Color","Олива","yn-008-6B705C-xl",3,deny,manual,17500.00,"",TRUE,TRUE,"","",FALSE,""
"wool-cape-coat","","","","","","","","","","","","","","","","","","","https://images.unsplash.com/photo-1469334031218-e382a71b716b?auto=format&fit=crop&w=1200&q=80",2,"",""
"silk-charmeuse-blouse","Блуза з шовкового шармезу","<p>Блуза з шовкового шармезу з прихованими ґудзиками та м'яким коміром.</p><p><strong>Матеріали:</strong> 100% шовк.</p><p><strong>Догляд:</strong> Лише хімчистка. Зберігати на плічках у чохлі.</p>","YANELLE","blouses","new, featured, blouses",TRUE,"Size","XS","Color","М'який білий","yn-009-FAF8F5-xs",8,deny,manual,7200.00,"",TRUE,TRUE,"https://images.unsplash.com/photo-1564257631407-4deb1f99d992?auto=format&fit=crop&w=1200&q=80",1,FALSE,active
"silk-charmeuse-blouse","","","","","","","Size","S","Color","М'який білий","yn-009-FAF8F5-s",8,deny,manual,7200.00,"",TRUE,TRUE,"","",FALSE,""
"silk-charmeuse-blouse","","","","","","","Size","M","Color","М'який білий","yn-009-FAF8F5-m",10,deny,manual,7200.00,"",TRUE,TRUE,"","",FALSE,""
"silk-charmeuse-blouse","","","","","","","Size","L","Color","М'який білий","yn-009-FAF8F5-l",8,deny,manual,7200.00,"",TRUE,TRUE,"","",FALSE,""
"silk-charmeuse-blouse","","","","","","","Size","XL","Color","М'який білий","yn-009-FAF8F5-xl",8,deny,manual,7200.00,"",TRUE,TRUE,"","",FALSE,""
"silk-charmeuse-blouse","","","","","","","Size","XS","Color","Слонова кістка","yn-009-F5F0E8-xs",8,deny,manual,7200.00,"",TRUE,TRUE,"","",FALSE,""
"silk-charmeuse-blouse","","","","","","","Size","S","Color","Слонова кістка","yn-009-F5F0E8-s",8,deny,manual,7200.00,"",TRUE,TRUE,"","",FALSE,""
"silk-charmeuse-blouse","","","","","","","Size","M","Color","Слонова кістка","yn-009-F5F0E8-m",10,deny,manual,7200.00,"",TRUE,TRUE,"","",FALSE,""
"silk-charmeuse-blouse","","","","","","","Size","L","Color","Слонова кістка","yn-009-F5F0E8-l",8,deny,manual,7200.00,"",TRUE,TRUE,"","",FALSE,""
"silk-charmeuse-blouse","","","","","","","Size","XL","Color","Слонова кістка","yn-009-F5F0E8-xl",8,deny,manual,7200.00,"",TRUE,TRUE,"","",FALSE,""
"silk-charmeuse-blouse","","","","","","","Size","XS","Color","Чорний","yn-009-1A1A1A-xs",8,deny,manual,7200.00,"",TRUE,TRUE,"","",FALSE,""
"silk-charmeuse-blouse","","","","","","","Size","S","Color","Чорний","yn-009-1A1A1A-s",8,deny,manual,7200.00,"",TRUE,TRUE,"","",FALSE,""
"silk-charmeuse-blouse","","","","","","","Size","M","Color","Чорний","yn-009-1A1A1A-m",10,deny,manual,7200.00,"",TRUE,TRUE,"","",FALSE,""
"silk-charmeuse-blouse","","","","","","","Size","L","Color","Чорний","yn-009-1A1A1A-l",8,deny,manual,7200.00,"",TRUE,TRUE,"","",FALSE,""
"silk-charmeuse-blouse","","","","","","","Size","XL","Color","Чорний","yn-009-1A1A1A-xl",8,deny,manual,7200.00,"",TRUE,TRUE,"","",FALSE,""
"silk-charmeuse-blouse","","","","","","","","","","","","","","","","","","","https://images.unsplash.com/photo-1434389677669-e08b4cac3105?auto=format&fit=crop&w=1200&q=80",2,"",""
"cotton-poplin-shirt","Бавовняна сорочка поплін","<p>Чистокроєна сорочка з єгипетської бавовни. Основа капсули.</p><p><strong>Матеріали:</strong> 100% єгипетська бавовна.</p><p><strong>Догляд:</strong> Делікатне прання вручну в холодній воді. Сушити горизонтально.</p>","YANELLE","blouses","blouses",TRUE,"Size","XS","Color","М'який білий","yn-010-FAF8F5-xs",8,deny,manual,5400.00,"",TRUE,TRUE,"https://images.unsplash.com/photo-1596755094514-f87e34085b2c?auto=format&fit=crop&w=1200&q=80",1,FALSE,active
"cotton-poplin-shirt","","","","","","","Size","S","Color","М'який білий","yn-010-FAF8F5-s",8,deny,manual,5400.00,"",TRUE,TRUE,"","",FALSE,""
"cotton-poplin-shirt","","","","","","","Size","M","Color","М'який білий","yn-010-FAF8F5-m",10,deny,manual,5400.00,"",TRUE,TRUE,"","",FALSE,""
"cotton-poplin-shirt","","","","","","","Size","L","Color","М'який білий","yn-010-FAF8F5-l",8,deny,manual,5400.00,"",TRUE,TRUE,"","",FALSE,""
"cotton-poplin-shirt","","","","","","","Size","XL","Color","М'який білий","yn-010-FAF8F5-xl",8,deny,manual,5400.00,"",TRUE,TRUE,"","",FALSE,""
"cotton-poplin-shirt","","","","","","","Size","XS","Color","Пісок","yn-010-D4C4A8-xs",8,deny,manual,5400.00,"",TRUE,TRUE,"","",FALSE,""
"cotton-poplin-shirt","","","","","","","Size","S","Color","Пісок","yn-010-D4C4A8-s",8,deny,manual,5400.00,"",TRUE,TRUE,"","",FALSE,""
"cotton-poplin-shirt","","","","","","","Size","M","Color","Пісок","yn-010-D4C4A8-m",10,deny,manual,5400.00,"",TRUE,TRUE,"","",FALSE,""
"cotton-poplin-shirt","","","","","","","Size","L","Color","Пісок","yn-010-D4C4A8-l",8,deny,manual,5400.00,"",TRUE,TRUE,"","",FALSE,""
"cotton-poplin-shirt","","","","","","","Size","XL","Color","Пісок","yn-010-D4C4A8-xl",8,deny,manual,5400.00,"",TRUE,TRUE,"","",FALSE,""
"cotton-poplin-shirt","","","","","","","","","","","","","","","","","","","https://images.unsplash.com/photo-1583743814966-8936f5b7be1a?auto=format&fit=crop&w=1200&q=80",2,"",""
"draped-crepe-blouse","Драпірована крепова блуза","<p>Блуза з крепу з асиметричним драпіруванням. М'який об'єм біля шиї.</p><p><strong>Матеріали:</strong> 100% віскозний креп.</p><p><strong>Догляд:</strong> Лише хімчистка. Зберігати на плічках у чохлі.</p>","YANELLE","blouses","sale, blouses",TRUE,"Size","XS","Color","Шампань","yn-011-E8D5B7-xs",8,deny,manual,6100.00,7800.00,TRUE,TRUE,"https://images.unsplash.com/photo-1554568218-0f1715e72254?auto=format&fit=crop&w=1200&q=80",1,FALSE,active
"draped-crepe-blouse","","","","","","","Size","S","Color","Шампань","yn-011-E8D5B7-s",8,deny,manual,6100.00,7800.00,TRUE,TRUE,"","",FALSE,""
"draped-crepe-blouse","","","","","","","Size","M","Color","Шампань","yn-011-E8D5B7-m",10,deny,manual,6100.00,7800.00,TRUE,TRUE,"","",FALSE,""
"draped-crepe-blouse","","","","","","","Size","L","Color","Шампань","yn-011-E8D5B7-l",8,deny,manual,6100.00,7800.00,TRUE,TRUE,"","",FALSE,""
"draped-crepe-blouse","","","","","","","Size","XL","Color","Шампань","yn-011-E8D5B7-xl",8,deny,manual,6100.00,7800.00,TRUE,TRUE,"","",FALSE,""
"draped-crepe-blouse","","","","","","","Size","XS","Color","Чорний","yn-011-1A1A1A-xs",8,deny,manual,6100.00,7800.00,TRUE,TRUE,"","",FALSE,""
"draped-crepe-blouse","","","","","","","Size","S","Color","Чорний","yn-011-1A1A1A-s",8,deny,manual,6100.00,7800.00,TRUE,TRUE,"","",FALSE,""
"draped-crepe-blouse","","","","","","","Size","M","Color","Чорний","yn-011-1A1A1A-m",10,deny,manual,6100.00,7800.00,TRUE,TRUE,"","",FALSE,""
"draped-crepe-blouse","","","","","","","Size","L","Color","Чорний","yn-011-1A1A1A-l",8,deny,manual,6100.00,7800.00,TRUE,TRUE,"","",FALSE,""
"draped-crepe-blouse","","","","","","","Size","XL","Color","Чорний","yn-011-1A1A1A-xl",8,deny,manual,6100.00,7800.00,TRUE,TRUE,"","",FALSE,""
"draped-crepe-blouse","","","","","","","","","","","","","","","","","","","https://images.unsplash.com/photo-1434389677669-e08b4cac3105?auto=format&fit=crop&w=1200&q=80",2,"",""
"a-line-wool-skirt","Вовняна спідниця А-силуету","<p>Спідниця А-силуету з тонкої вовни до міді. Чиста лінія та прихована блискавка.</p><p><strong>Матеріали:</strong> 100% вовна.</p><p><strong>Догляд:</strong> Лише хімчистка. Зберігати на плічках у чохлі.</p>","YANELLE","skirts","skirts",TRUE,"Size","XS","Color","Чорний","yn-012-1A1A1A-xs",8,deny,manual,6800.00,"",TRUE,TRUE,"https://images.unsplash.com/photo-1583496661160-fb5886a0aaaa?auto=format&fit=crop&w=1200&q=80",1,FALSE,active
"a-line-wool-skirt","","","","","","","Size","S","Color","Чорний","yn-012-1A1A1A-s",8,deny,manual,6800.00,"",TRUE,TRUE,"","",FALSE,""
"a-line-wool-skirt","","","","","","","Size","M","Color","Чорний","yn-012-1A1A1A-m",10,deny,manual,6800.00,"",TRUE,TRUE,"","",FALSE,""
"a-line-wool-skirt","","","","","","","Size","L","Color","Чорний","yn-012-1A1A1A-l",8,deny,manual,6800.00,"",TRUE,TRUE,"","",FALSE,""
"a-line-wool-skirt","","","","","","","Size","XL","Color","Чорний","yn-012-1A1A1A-xl",8,deny,manual,6800.00,"",TRUE,TRUE,"","",FALSE,""
"a-line-wool-skirt","","","","","","","Size","XS","Color","Верблюд","yn-012-C4A484-xs",8,deny,manual,6800.00,"",TRUE,TRUE,"","",FALSE,""
"a-line-wool-skirt","","","","","","","Size","S","Color","Верблюд","yn-012-C4A484-s",8,deny,manual,6800.00,"",TRUE,TRUE,"","",FALSE,""
"a-line-wool-skirt","","","","","","","Size","M","Color","Верблюд","yn-012-C4A484-m",10,deny,manual,6800.00,"",TRUE,TRUE,"","",FALSE,""
"a-line-wool-skirt","","","","","","","Size","L","Color","Верблюд","yn-012-C4A484-l",8,deny,manual,6800.00,"",TRUE,TRUE,"","",FALSE,""
"a-line-wool-skirt","","","","","","","Size","XL","Color","Верблюд","yn-012-C4A484-xl",8,deny,manual,6800.00,"",TRUE,TRUE,"","",FALSE,""
"a-line-wool-skirt","","","","","","","","","","","","","","","","","","","https://images.unsplash.com/photo-1572804013427-4d7ca7268217?auto=format&fit=crop&w=1200&q=80",2,"",""
"midi-leather-skirt","Шкіряна міді-спідниця","<p>Пряма міді-спідниця з м'якої шкіри. Легка вага, точна довжина.</p><p><strong>Матеріали:</strong> 100% шкіра ягняти.</p><p><strong>Догляд:</strong> Протирати м'якою сухою тканиною. Уникати вологи та прямого сонця.</p>","YANELLE","skirts","new, limited, limited, skirts",TRUE,"Size","XS","Color","Чорний","yn-013-1A1A1A-xs",3,deny,manual,9800.00,"",TRUE,TRUE,"https://images.unsplash.com/photo-1515886657613-9f3515b0c78f?auto=format&fit=crop&w=1200&q=80",1,FALSE,active
"midi-leather-skirt","","","","","","","Size","S","Color","Чорний","yn-013-1A1A1A-s",3,deny,manual,9800.00,"",TRUE,TRUE,"","",FALSE,""
"midi-leather-skirt","","","","","","","Size","M","Color","Чорний","yn-013-1A1A1A-m",5,deny,manual,9800.00,"",TRUE,TRUE,"","",FALSE,""
"midi-leather-skirt","","","","","","","Size","L","Color","Чорний","yn-013-1A1A1A-l",3,deny,manual,9800.00,"",TRUE,TRUE,"","",FALSE,""
"midi-leather-skirt","","","","","","","Size","XL","Color","Чорний","yn-013-1A1A1A-xl",3,deny,manual,9800.00,"",TRUE,TRUE,"","",FALSE,""
"midi-leather-skirt","","","","","","","Size","XS","Color","Еспресо","yn-013-3C2415-xs",3,deny,manual,9800.00,"",TRUE,TRUE,"","",FALSE,""
"midi-leather-skirt","","","","","","","Size","S","Color","Еспресо","yn-013-3C2415-s",3,deny,manual,9800.00,"",TRUE,TRUE,"","",FALSE,""
"midi-leather-skirt","","","","","","","Size","M","Color","Еспресо","yn-013-3C2415-m",5,deny,manual,9800.00,"",TRUE,TRUE,"","",FALSE,""
"midi-leather-skirt","","","","","","","Size","L","Color","Еспресо","yn-013-3C2415-l",3,deny,manual,9800.00,"",TRUE,TRUE,"","",FALSE,""
"midi-leather-skirt","","","","","","","Size","XL","Color","Еспресо","yn-013-3C2415-xl",3,deny,manual,9800.00,"",TRUE,TRUE,"","",FALSE,""
"midi-leather-skirt","","","","","","","","","","","","","","","","","","","https://images.unsplash.com/photo-1509631179647-0177331693ae?auto=format&fit=crop&w=1200&q=80",2,"",""
"structured-tote","Структурована тоут-сумка","<p>Тоут з жорсткою формою з італійської шкіри. Вміщує день без компромісів.</p><p><strong>Матеріали:</strong> 100% італійська шкіра. Фурнітура з палладію.</p><p><strong>Догляд:</strong> Протирати м'якою сухою тканиною. Уникати вологи та прямого сонця.</p>","YANELLE","bags","featured, bags",TRUE,"Size","One Size","Color","Чорний","yn-014-1A1A1A-onesize",10,deny,manual,18500.00,"",TRUE,TRUE,"https://images.unsplash.com/photo-1584917865442-de89df76afd3?auto=format&fit=crop&w=1200&q=80",1,FALSE,active
"structured-tote","","","","","","","Size","One Size","Color","Верблюд","yn-014-C4A484-onesize",10,deny,manual,18500.00,"",TRUE,TRUE,"","",FALSE,""
"structured-tote","","","","","","","Size","One Size","Color","Камінь","yn-014-A8A29E-onesize",10,deny,manual,18500.00,"",TRUE,TRUE,"","",FALSE,""
"structured-tote","","","","","","","","","","","","","","","","","","","https://images.unsplash.com/photo-1590874103328-eac38a67429a?auto=format&fit=crop&w=1200&q=80",2,"",""
"soft-hobo-bag","М'яка сумка-хобо","<p>М'який хобо з зернистої шкіри. Спадний силует і довгий ремінь.</p><p><strong>Матеріали:</strong> 100% зерниста шкіра теляти.</p><p><strong>Догляд:</strong> Протирати м'якою сухою тканиною. Уникати вологи та прямого сонця.</p>","YANELLE","bags","new, bags",TRUE,"Size","One Size","Color","Еспресо","yn-015-3C2415-onesize",10,deny,manual,14200.00,"",TRUE,TRUE,"https://images.unsplash.com/photo-1584917865442-de89df76afd3?auto=format&fit=crop&w=1200&q=80",1,FALSE,active
"soft-hobo-bag","","","","","","","Size","One Size","Color","Чорний","yn-015-1A1A1A-onesize",10,deny,manual,14200.00,"",TRUE,TRUE,"","",FALSE,""
"soft-hobo-bag","","","","","","","","","","","","","","","","","","","https://images.unsplash.com/photo-1566150905458-1bf1fc113f0d?auto=format&fit=crop&w=1200&q=80",2,"",""
"mini-crossbody","Міні-кросбоді","<p>Компактна кросбоді з регульованим ременем. Для рук, що залишаються вільними.</p><p><strong>Матеріали:</strong> 100% гладка шкіра теляти.</p><p><strong>Догляд:</strong> Протирати м'якою сухою тканиною. Уникати вологи та прямого сонця.</p>","YANELLE","bags","new, featured, bags",TRUE,"Size","One Size","Color","Чорний","yn-016-1A1A1A-onesize",10,deny,manual,9800.00,"",TRUE,TRUE,"https://images.unsplash.com/photo-1591561954557-26941169b49e?auto=format&fit=crop&w=1200&q=80",1,FALSE,active
"mini-crossbody","","","","","","","Size","One Size","Color","Коньяк","yn-016-8B4513-onesize",10,deny,manual,9800.00,"",TRUE,TRUE,"","",FALSE,""
"mini-crossbody","","","","","","","Size","One Size","Color","Пісок","yn-016-D4C4A8-onesize",10,deny,manual,9800.00,"",TRUE,TRUE,"","",FALSE,""
"mini-crossbody","","","","","","","","","","","","","","","","","","","https://images.unsplash.com/photo-1584917865442-de89df76afd3?auto=format&fit=crop&w=1200&q=80",2,"",""
"evening-clutch","Вечірній клатч","<p>Плоский клатч з сатиновою підкладкою. Обмежена серія ательє.</p><p><strong>Матеріали:</strong> 100% шкіра. Підкладка: шовковий сатин.</p><p><strong>Догляд:</strong> Протирати м'якою сухою тканиною. Уникати вологи та прямого сонця.</p>","YANELLE","bags","limited, limited, bags",TRUE,"Size","One Size","Color","Чорний","yn-017-1A1A1A-onesize",5,deny,manual,11200.00,"",TRUE,TRUE,"https://images.unsplash.com/photo-1590874103328-eac38a683ce7?auto=format&fit=crop&w=1200&q=80",1,FALSE,active
"evening-clutch","","","","","","","Size","One Size","Color","Шампань","yn-017-E8D5B7-onesize",5,deny,manual,11200.00,"",TRUE,TRUE,"","",FALSE,""
"evening-clutch","","","","","","","","","","","","","","","","","","","https://images.unsplash.com/photo-1590874103328-eac38a67429a?auto=format&fit=crop&w=1200&q=80",2,"",""
"classic-shoulder-bag","Класична сумка на плече","<p>Сумка середнього розміру з коротким ременем. Вічна форма.</p><p><strong>Матеріали:</strong> 100% італійська шкіра.</p><p><strong>Догляд:</strong> Протирати м'якою сухою тканиною. Уникати вологи та прямого сонця.</p>","YANELLE","bags","sale, bags",TRUE,"Size","One Size","Color","Тауп","yn-018-8B7E74-onesize",10,deny,manual,12800.00,15900.00,TRUE,TRUE,"https://images.unsplash.com/photo-1594633312681-425c7b97ccd1?auto=format&fit=crop&w=1200&q=80",1,FALSE,active
"classic-shoulder-bag","","","","","","","Size","One Size","Color","Чорний","yn-018-1A1A1A-onesize",10,deny,manual,12800.00,15900.00,TRUE,TRUE,"","",FALSE,""
"classic-shoulder-bag","","","","","","","","","","","","","","","","","","","https://images.unsplash.com/photo-1584917865442-de89df76afd3?auto=format&fit=crop&w=1200&q=80",2,"",""
"slim-leather-belt","Тонкий шкіряний ремінь","<p>Тонкий ремінь з гладкої шкіри з мінімалістичною пряжкою.</p><p><strong>Матеріали:</strong> 100% шкіра теляти. Пряжка: латунь з покриттям.</p><p><strong>Догляд:</strong> Протирати м'якою сухою тканиною. Уникати вологи та прямого сонця.</p>","YANELLE","belts","belts",TRUE,"Size","70","Color","Чорний","yn-019-1A1A1A-70",8,deny,manual,4200.00,"",TRUE,TRUE,"https://images.unsplash.com/photo-1553062407-98eeb64c6a62?auto=format&fit=crop&w=1200&q=80",1,FALSE,active
"slim-leather-belt","","","","","","","Size","75","Color","Чорний","yn-019-1A1A1A-75",8,deny,manual,4200.00,"",TRUE,TRUE,"","",FALSE,""
"slim-leather-belt","","","","","","","Size","80","Color","Чорний","yn-019-1A1A1A-80",8,deny,manual,4200.00,"",TRUE,TRUE,"","",FALSE,""
"slim-leather-belt","","","","","","","Size","85","Color","Чорний","yn-019-1A1A1A-85",8,deny,manual,4200.00,"",TRUE,TRUE,"","",FALSE,""
"slim-leather-belt","","","","","","","Size","90","Color","Чорний","yn-019-1A1A1A-90",8,deny,manual,4200.00,"",TRUE,TRUE,"","",FALSE,""
"slim-leather-belt","","","","","","","Size","70","Color","Коньяк","yn-019-8B4513-70",8,deny,manual,4200.00,"",TRUE,TRUE,"","",FALSE,""
"slim-leather-belt","","","","","","","Size","75","Color","Коньяк","yn-019-8B4513-75",8,deny,manual,4200.00,"",TRUE,TRUE,"","",FALSE,""
"slim-leather-belt","","","","","","","Size","80","Color","Коньяк","yn-019-8B4513-80",8,deny,manual,4200.00,"",TRUE,TRUE,"","",FALSE,""
"slim-leather-belt","","","","","","","Size","85","Color","Коньяк","yn-019-8B4513-85",8,deny,manual,4200.00,"",TRUE,TRUE,"","",FALSE,""
"slim-leather-belt","","","","","","","Size","90","Color","Коньяк","yn-019-8B4513-90",8,deny,manual,4200.00,"",TRUE,TRUE,"","",FALSE,""
"slim-leather-belt","","","","","","","","","","","","","","","","","","","https://images.unsplash.com/photo-1624222247344-550fb60583fd?auto=format&fit=crop&w=1200&q=80",2,"",""
"sculptural-buckle-belt","Ремінь зі скульптурною пряжкою","<p>Широкий ремінь зі скульптурною пряжкою. Обмежена серія.</p><p><strong>Матеріали:</strong> 100% шкіра. Пряжка: полірований палладій.</p><p><strong>Догляд:</strong> Протирати м'якою сухою тканиною. Уникати вологи та прямого сонця.</p>","YANELLE","belts","limited, limited, belts",TRUE,"Size","70","Color","Чорний","yn-020-1A1A1A-70",3,deny,manual,5800.00,"",TRUE,TRUE,"https://images.unsplash.com/photo-1624222247344-550fb60583fd?auto=format&fit=crop&w=1200&q=80",1,FALSE,active
"sculptural-buckle-belt","","","","","","","Size","75","Color","Чорний","yn-020-1A1A1A-75",3,deny,manual,5800.00,"",TRUE,TRUE,"","",FALSE,""
"sculptural-buckle-belt","","","","","","","Size","80","Color","Чорний","yn-020-1A1A1A-80",3,deny,manual,5800.00,"",TRUE,TRUE,"","",FALSE,""
"sculptural-buckle-belt","","","","","","","Size","85","Color","Чорний","yn-020-1A1A1A-85",3,deny,manual,5800.00,"",TRUE,TRUE,"","",FALSE,""
"sculptural-buckle-belt","","","","","","","Size","90","Color","Чорний","yn-020-1A1A1A-90",3,deny,manual,5800.00,"",TRUE,TRUE,"","",FALSE,""
"sculptural-buckle-belt","","","","","","","Size","70","Color","Еспресо","yn-020-3C2415-70",3,deny,manual,5800.00,"",TRUE,TRUE,"","",FALSE,""
"sculptural-buckle-belt","","","","","","","Size","75","Color","Еспресо","yn-020-3C2415-75",3,deny,manual,5800.00,"",TRUE,TRUE,"","",FALSE,""
"sculptural-buckle-belt","","","","","","","Size","80","Color","Еспресо","yn-020-3C2415-80",3,deny,manual,5800.00,"",TRUE,TRUE,"","",FALSE,""
"sculptural-buckle-belt","","","","","","","Size","85","Color","Еспресо","yn-020-3C2415-85",3,deny,manual,5800.00,"",TRUE,TRUE,"","",FALSE,""
"sculptural-buckle-belt","","","","","","","Size","90","Color","Еспресо","yn-020-3C2415-90",3,deny,manual,5800.00,"",TRUE,TRUE,"","",FALSE,""
"sculptural-buckle-belt","","","","","","","","","","","","","","","","","","","https://images.unsplash.com/photo-1553062407-98eeb64c6a62?auto=format&fit=crop&w=1200&q=80",2,"",""
"cashmere-scarf","Кашеміровий шарф","<p>Великий шарф з монгольського кашеміру. Легкість і тепло без ваги.</p><p><strong>Матеріали:</strong> 100% монгольський кашемір.</p><p><strong>Догляд:</strong> Делікатне прання вручну в холодній воді. Сушити горизонтально.</p>","YANELLE","scarves","new, featured, scarves",TRUE,"Size","One Size","Color","Верблюд","yn-021-C4A484-onesize",10,deny,manual,6500.00,"",TRUE,TRUE,"https://images.unsplash.com/photo-1553062407-98eeb64c6a62?auto=format&fit=crop&w=1200&q=80",1,FALSE,active
"cashmere-scarf","","","","","","","Size","One Size","Color","М'який білий","yn-021-FAF8F5-onesize",10,deny,manual,6500.00,"",TRUE,TRUE,"","",FALSE,""
"cashmere-scarf","","","","","","","Size","One Size","Color","Камінь","yn-021-A8A29E-onesize",10,deny,manual,6500.00,"",TRUE,TRUE,"","",FALSE,""
"cashmere-scarf","","","","","","","","","","","","","","","","","","","https://images.unsplash.com/photo-1601924994987-69e26d50dc26?auto=format&fit=crop&w=1200&q=80",2,"",""
"silk-square-scarf","Шовкова хустка","<p>Квадратна хустка з друкованого шовку. Абстрактний мотив у стриманих тонах.</p><p><strong>Матеріали:</strong> 100% шовк.</p><p><strong>Догляд:</strong> Лише хімчистка. Зберігати на плічках у чохлі.</p>","YANELLE","scarves","limited, limited, scarves",TRUE,"Size","One Size","Color","Шампань","yn-022-E8D5B7-onesize",5,deny,manual,4800.00,"",TRUE,TRUE,"https://images.unsplash.com/photo-1601924994987-69e26d50dc26?auto=format&fit=crop&w=1200&q=80",1,FALSE,active
"silk-square-scarf","","","","","","","Size","One Size","Color","Олива","yn-022-6B705C-onesize",5,deny,manual,4800.00,"",TRUE,TRUE,"","",FALSE,""
"silk-square-scarf","","","","","","","","","","","","","","","","","","","https://images.unsplash.com/photo-1553062407-98eeb64c6a62?auto=format&fit=crop&w=1200&q=80",2,"",""
"bifold-wallet","Гаманець біфолд","<p>Компактний біфолд з італійської шкіри. Тонкий профіль, точні кишені.</p><p><strong>Матеріали:</strong> 100% італійська шкіра.</p><p><strong>Догляд:</strong> Протирати м'якою сухою тканиною. Уникати вологи та прямого сонця.</p>","YANELLE","wallets","wallets",TRUE,"Size","One Size","Color","Чорний","yn-023-1A1A1A-onesize",10,deny,manual,5200.00,"",TRUE,TRUE,"https://images.unsplash.com/photo-1627123424574-724758594e93?auto=format&fit=crop&w=1200&q=80",1,FALSE,active
"bifold-wallet","","","","","","","Size","One Size","Color","Коньяк","yn-023-8B4513-onesize",10,deny,manual,5200.00,"",TRUE,TRUE,"","",FALSE,""
"bifold-wallet","","","","","","","","","","","","","","","","","","","https://images.unsplash.com/photo-1553062407-98eeb64c6a62?auto=format&fit=crop&w=1200&q=80",2,"",""
"architectural-sunglasses","Архітектурні окуляри","<p>Окуляри з ацетату з мінімалістичною формою. UV400, обмежена серія.</p><p><strong>Матеріали:</strong> Італійський ацетат. Лінзи: мінеральне скло з UV400.</p><p><strong>Догляд:</strong> Зберігати у футлярі. Чистити м'якою тканиною.</p>","YANELLE","eyewear","limited, new, featured, limited, eyewear",TRUE,"Size","One Size","Color","Чорний","yn-024-1A1A1A-onesize",5,deny,manual,7200.00,"",TRUE,TRUE,"https://images.unsplash.com/photo-1572635196237-14b3f281503f?auto=format&fit=crop&w=1200&q=80",1,FALSE,active
"architectural-sunglasses","","","","","","","Size","One Size","Color","Черепаховий","yn-024-8B5A2B-onesize",5,deny,manual,7200.00,"",TRUE,TRUE,"","",FALSE,""
"architectural-sunglasses","","","","","","","","","","","","","","","","","","","https://images.unsplash.com/photo-1572635196237-14b3f281503f?auto=format&fit=crop&w=1200&q=80",2,"",""